Trial_ID,probe,target,Association_Strength,trial_order_id,probe_onset,probe_durat,fixa1_onset,fixa1_durat,target_onset,target_durat,target_offset,fixa2_onset,fixa2_durat,RT,KeyPress
1,dough,barbeque,,1,0.02916229999937059,1,1.0269668999990245,2,3.021271899999192,1,3.9311017999989417,6.015799499999048,3,0.9098298999997496,1
2,shed,spade,4.517241379,2,8.994609999999739,1,9.989156999999977,2,11.983768399999462,1,12.613176299999395,14.978129699999045,3,0.6294078999999329,1
3,soldier,rifle,5.793103448,3,17.994350900000427,1,18.988736999999674,2,20.983428899999126,1,21.855742599998848,23.977900500000032,3,0.8723136999997223,1
4,radio,vinyl,2.896551724,4,26.994531899999856,1,27.989102800000182,2,29.983330099999876,1,30.652691600000253,32.97809149999921,3,0.6693615000003774,1
5,canyon,elf,0,5,35.9942616999997,1,36.98892429999978,2,38.983424099998956,1,39.88687029999892,41.977986599998985,3,0.9034461999999621,1
6,mirror,lipstick,4.068965517,6,44.99442280000039,1,45.98888009999973,2,47.98313020000023,1,48.604766200000086,50.9774137000004,3,0.6216359999998531,1
